,title,url,publisher,body,footer
0,TRT-6 17/03/2020 - Pág. 3052 - Judiciário - Tribunal Regional do Trabalho da 6ª Região,https://www.jusbrasil.com.br/diarios/287994753/trt-6-judiciario-17-03-2020-pg-3052?ref=serp,Diários Oficiais•17/03/2020 • Tribunal Regional do Trabalho da 6ª Região,"Diários OficiaisTribunal Regional do Trabalho da 6ª Região17 Mar 2020JudiciárioPágina 3052
Página 3052 da Judiciário do Tribunal Regional do Trabalho da 6ª Região (TRT-6) de 17 de Março de 2020
Publicado por Tribunal Regional do Trabalho da 6ª Região
há 5 dias
Por que esse conteúdo está aqui?
O Jusbrasil não cria, edita ou altera o conteúdo exibido. Replicamos somente informações que foram veiculadas pelos órgãos oﬁciais.Toda informação aqui divulgada é pública e pode ser encontrada, também, nos sites que publicam originalmente esses diários.
Faz-se necessário o ADIAMENTO da sessão aprazada anteriormente, por designação conjunta da Presidência e da Corregedoria do TRT da 6.ª Região, por meio do Ato Conjunto TRT-6-GP-CRT n.º 02/2020, que estabelece medidas temporárias de prevenção ao Coronavírus (COVID-19), no âmbito do Tribunal, considerando a classificação de pandemia pela Organização Mundial de Saúde.
Dessa forma, apraza-se NOVA AUDIÊNCIA para o dia 16/04/2020, às 09h55, sob as mesmas cominações.
Ato contínuo, dou ciência às partes.
GOIANA/PE, 17 de março de 2020.
JULIO OLIVEIRA MARANHAO
Diretor de Secretaria
Processo Nº ATSum-0000885-40.2019.5.06.0233
AUTOR RAFAEL JOSE DA SILVA
SILVIO ROBERTO ADVOGADO(OAB: 33513/PE) FONSECA DE SENA
FILHO
RÉU USINA CENTRAL OLHO D'AGUA S/A
ELMO LIMA DE ADVOGADO(OAB: 442/PE) MEDEIROS
Intimado(s)/Citado(s):
- USINA CENTRAL OLHO D'AGUA S/A
PODER JUDICIÁRIO JUSTIÇA DO TRABALHO
CERTIDÃO DE ADIAMENTO DE AUDIÊNCIA – NOVO CORONA VÍRUS (COVID-19)
Faz-se necessário o ADIAMENTO da sessão aprazada anteriormente, por designação conjunta da Presidência e da Corregedoria do TRT da 6.ª Região, por meio do Ato Conjunto TRT-6-GP-CRT n.º 02/2020, que estabelece medidas temporárias de prevenção ao Coronavírus (COVID-19), no âmbito do Tribunal, considerando a classificação de pandemia pela Organização Mundial de Saúde.
Dessa forma, apraza-se NOVA AUDIÊNCIA para o dia 16/04/2020, às 09h55, sob as mesmas cominações.
Ato contínuo, dou ciência às partes.
GOIANA/PE, 17 de março de 2020.
JULIO OLIVEIRA MARANHAO
Diretor de Secretaria
Processo Nº ATSum-0000075-31.2020.5.06.0233
AUTOR GILBERTO CANDIDO DOMINGOS
SILVIO ROBERTO ADVOGADO(OAB: 33513/PE) FONSECA DE SENA
FILHO
RÉU COMPANHIA AGRO INDUSTRIAL DE GOIANA
Intimado(s)/Citado(s):
- GILBERTO CANDIDO DOMINGOS
PODER JUDICIÁRIO JUSTIÇA DO TRABALHO
CERTIDÃO DE ADIAMENTO DE AUDIÊNCIA – NOVO CORONA VÍRUS (COVID-19)
Faz-se necessário o ADIAMENTO da sessão aprazada anteriormente, por designação conjunta da Presidência e da Corregedoria do TRT da 6.ª Região, por meio do Ato Conjunto TRT-6-GP-CRT n.º 02/2020, que estabelece medidas temporárias de prevenção ao Coronavírus (COVID-19), no âmbito do Tribunal, considerando a classificação de pandemia pela Organização Mundial de Saúde.
Dessa forma, apraza-se NOVA AUDIÊNCIA para o dia 16/04/2020, às 09h55, sob as mesmas cominações.
Ato contínuo, dou ciência às partes.
GOIANA/PE, 17 de março de 2020.
JULIO OLIVEIRA MARANHAO
Diretor de Secretaria
Processo Nº ATSum-0000075-31.2020.5.06.0233
AUTOR GILBERTO CANDIDO DOMINGOS
SILVIO ROBERTO ADVOGADO(OAB: 33513/PE) FONSECA DE SENA
FILHO
RÉU COMPANHIA AGRO INDUSTRIAL DE GOIANA
Intimado(s)/Citado(s):
- GILBERTO CANDIDO DOMINGOS
PODER JUDICIÁRIO JUSTIÇA DO TRABALHO
CERTIDÃO DE ADIAMENTO DE AUDIÊNCIA – NOVO CORONA VÍRUS (COVID-19) VÍRUS (COVID-19)","anteriormente, por designação conjunta da Presidência e da Corregedoria do TRT da 6.ª Região, por meio do Ato Conjunto TRT-6-GP-CRT n.º 02/2020, que estabelece medidas temporárias de prevenção ao Coronavírus (COVID...D'AGUA S/A ELMO LIMA DE ADVOGADO (OAB: 442/PE) MEDEIROS Intimado(s)/Citado(s): - USINA CENTRAL OLHO D'AGUA S/A PODER JUDICIÁRIO JUSTIÇA DO TRABALHO CERTIDÃO DE ADIAMENTO DE AUDIÊNCIA – NOVO CORONA VÍRUS (COVID...-19) VÍRUS (COVID-19)"
1,TRT-6 17/03/2020 - Pág. 3051 - Judiciário - Tribunal Regional do Trabalho da 6ª Região,https://www.jusbrasil.com.br/diarios/287994752/trt-6-judiciario-17-03-2020-pg-3051?ref=serp,Diários Oficiais•17/03/2020 • Tribunal Regional do Trabalho da 6ª Região,"Diários OficiaisTribunal Regional do Trabalho da 6ª Região17 Mar 2020JudiciárioPágina 3051
Página 3051 da Judiciário do Tribunal Regional do Trabalho da 6ª Região (TRT-6) de 17 de Março de 2020
Publicado por Tribunal Regional do Trabalho da 6ª Região
há 5 dias
Por que esse conteúdo está aqui?
O Jusbrasil não cria, edita ou altera o conteúdo exibido. Replicamos somente informações que foram veiculadas pelos órgãos oﬁciais.Toda informação aqui divulgada é pública e pode ser encontrada, também, nos sites que publicam originalmente esses diários.
Faz-se necessário o ADIAMENTO da sessão aprazada anteriormente, por designação conjunta da Presidência e da Corregedoria do TRT da 6.ª Região, por meio do Ato Conjunto TRT-6-GP-CRT n.º 02/2020, que estabelece medidas temporárias de prevenção ao Coronavírus (COVID-19), no âmbito do Tribunal, considerando a classificação de pandemia pela Organização Mundial de Saúde.
Dessa forma, apraza-se NOVA AUDIÊNCIA para o dia 16/04/2020, às 09h50, sob as mesmas cominações.
Ato contínuo, dou ciência às partes.
GOIANA/PE, 17 de março de 2020.
JULIO OLIVEIRA MARANHAO
Diretor de Secretaria
Processo Nº ATSum-0000884-55.2019.5.06.0233
AUTOR JOAO BATISTA DA SILVA
SILVIO ROBERTO ADVOGADO(OAB: 33513/PE) FONSECA DE SENA
FILHO
RÉU USINA CENTRAL OLHO D'AGUA S/A
ELMO LIMA DE ADVOGADO(OAB: 442/PE) MEDEIROS
Intimado(s)/Citado(s):
- JOAO BATISTA DA SILVA
PODER JUDICIÁRIO JUSTIÇA DO TRABALHO
CERTIDÃO DE ADIAMENTO DE AUDIÊNCIA – NOVO CORONA VÍRUS (COVID-19)
Faz-se necessário o ADIAMENTO da sessão aprazada anteriormente, por designação conjunta da Presidência e da Corregedoria do TRT da 6.ª Região, por meio do Ato Conjunto TRT-6-GP-CRT n.º 02/2020, que estabelece medidas temporárias de prevenção ao Coronavírus (COVID-19), no âmbito do Tribunal, considerando a classificação de pandemia pela Organização Mundial de Saúde.
Dessa forma, apraza-se NOVA AUDIÊNCIA para o dia 16/04/2020, às 09h50, sob as mesmas cominações.
Ato contínuo, dou ciência às partes.
GOIANA/PE, 17 de março de 2020.
JULIO OLIVEIRA MARANHAO
Diretor de Secretaria
Processo Nº ATSum-0000884-55.2019.5.06.0233
AUTOR JOAO BATISTA DA SILVA
SILVIO ROBERTO ADVOGADO(OAB: 33513/PE) FONSECA DE SENA
FILHO
RÉU USINA CENTRAL OLHO D'AGUA S/A
ELMO LIMA DE ADVOGADO(OAB: 442/PE) MEDEIROS
Intimado(s)/Citado(s):
- USINA CENTRAL OLHO D'AGUA S/A
PODER JUDICIÁRIO JUSTIÇA DO TRABALHO
CERTIDÃO DE ADIAMENTO DE AUDIÊNCIA – NOVO CORONA VÍRUS (COVID-19)
Faz-se necessário o ADIAMENTO da sessão aprazada anteriormente, por designação conjunta da Presidência e da Corregedoria do TRT da 6.ª Região, por meio do Ato Conjunto TRT-6-GP-CRT n.º 02/2020, que estabelece medidas temporárias de prevenção ao Coronavírus (COVID-19), no âmbito do Tribunal, considerando a classificação de pandemia pela Organização Mundial de Saúde.
Dessa forma, apraza-se NOVA AUDIÊNCIA para o dia 16/04/2020, às 09h50, sob as mesmas cominações.
Ato contínuo, dou ciência às partes.
GOIANA/PE, 17 de março de 2020.
JULIO OLIVEIRA MARANHAO
Diretor de Secretaria
Processo Nº ATSum-0000885-40.2019.5.06.0233
AUTOR RAFAEL JOSE DA SILVA
SILVIO ROBERTO ADVOGADO(OAB: 33513/PE) FONSECA DE SENA
FILHO
RÉU USINA CENTRAL OLHO D'AGUA S/A
ELMO LIMA DE ADVOGADO(OAB: 442/PE) MEDEIROS
Intimado(s)/Citado(s):
- RAFAEL JOSE DA SILVA
PODER JUDICIÁRIO JUSTIÇA DO TRABALHO
CERTIDÃO DE ADIAMENTO DE AUDIÊNCIA – NOVO CORONA VÍRUS (COVID-19) VÍRUS (COVID-19)","anteriormente, por designação conjunta da Presidência e da Corregedoria do TRT da 6.ª Região, por meio do Ato Conjunto TRT-6-GP-CRT n.º 02/2020, que estabelece medidas temporárias de prevenção ao Coronavírus (COVID...OLHO D'AGUA S/A ELMO LIMA DE ADVOGADO (OAB: 442/PE) MEDEIROS Intimado(s)/Citado(s): - JOAO BATISTA DA SILVA PODER JUDICIÁRIO JUSTIÇA DO TRABALHO CERTIDÃO DE ADIAMENTO DE AUDIÊNCIA – NOVO CORONA VÍRUS (COVID...-19) VÍRUS (COVID-19)"
2,DJAP 16/03/2020 - Pág. 83 - Diário de Justiça do Estado do Amapá,https://www.jusbrasil.com.br/diarios/287734397/djap-16-03-2020-pg-83?ref=serp,Diários Oficiais•16/03/2020 • Diário de Justiça do Estado do Amapá,"Diários OficiaisDiário de Justiça do Estado do Amapá16 Mar 2020Páginas sem cadernoPágina 83
Página 83 do Diário de Justiça do Estado do Amapá (DJAP) de 16 de Março de 2020
Publicado por Diário de Justiça do Estado do Amapá
há 6 dias
Por que esse conteúdo está aqui?
O Jusbrasil não cria, edita ou altera o conteúdo exibido. Replicamos somente informações que foram veiculadas pelos órgãos oﬁciais.Toda informação aqui divulgada é pública e pode ser encontrada, também, nos sites que publicam originalmente esses diários.
caso suspeito ou confirmado, e receberem atestado médico, seja do serviço público ou particular de saúde do Estado do Amapá.
§ 1º Nas hipóteses do caput deste artigo, Desembargador, Juiz de Direito, Serventuário, Servidor a Disposição Civil e Militar, Estagiário e Colaborador do Tribunal deverá entrar em contato telefônico com o serviço médico do Tribunal ou do Fórum da Comarca de Macapá “Desembargador Leal de Mira”, no fone (96) 3313-3300 – Ramais 3385, 3832 ou 4581 e enviar a cópia digital do atestado para e-mail covid-19@tjap.jus.br .
§ 2º Os atestados serão homologados administrativamente pelo Serviço Médico do Tribunal.
§ 3º O Desembargador, o Juiz de Direito, o Serventuário, e o Servidor à Disposição Civil e Militar, Estagiário e Colaborador do Tribunal que não apresentarem sintomas ao término do período de afastamento deverão retornar às suas atividades.
Art. 5º. Será facultativo o afastamento de Desembargador e Juiz de Direito que integre grupo de risco, podendo executar as atividades por meio de teletrabalho, na forma adotada pelo Tribunal.
Art. 6º É obrigatório o afastamento do Serventuário que integre grupo de risco, devendo executar as atividades por meio do teletrabalho, na forma adotada pelo Tribunal.
§1º. O grupo de risco é composto pelo seguinte: idosos maiores de 60 anos, portador de doenças crônicas, asmáticos, portadores de doenças do coração, fumantes, diabéticos, grávidas, ou integrantes de núcleo familiar com doenças crônicas, dentre outros casos determinados pelos profissionais da saúde.
§2º. No caso do Serventuário maior de 60 anos que não puder executar suas atividades de rotina por meio do teletrabalho, o superior hierárquico, seja no Segundo ou Primeiro Grau de Jurisdições, seja na Secretaria do Tribunal, deverá comunicar a ocorrência ao Gabinete da Presidência, à Corregedoria Geral de Justiça, ou à Diretoria Geral do Tribunal, conforme a subordinação hierárquica, onde serão adotadas medidas próprias para cada caso, a fim de cobrir a ausência ao trabalho.
Art. 7º. O Desembargador, o Juiz de Direito, o Serventuário, o Estagiário, Colaborador, ou Prestador de Serviços do Tribunal que se encontrarem gripados, resfriados, ou apresente qualquer dos seus sintomas (febre, tosse, dor de garganta, congestão nasal, etc), deverão afastar-se do trabalho pelo período em que perdurar estas condições.
Parágrafo único. A condição de portador de doença crônica ou de gripado dependerá de comprovação por meio de relatório médico, submetido à aprovação do Serviço Médico do Tribunal.
Art. 8º O Departamento de Compras e Contratos deste Tribunal deverá notificar as empresas contratadas quanto à responsabilidade destas em adotar todos os meios necessários para conscientizar seus funcionários quanto aos riscos do COVID-19 , e quanto à necessidade de reportarem a ocorrência de sintomas de febre ou sintomas respiratórios, estando as empresas passíveis de responsabilização contratual em caso de omissão que resulte em prejuízo à Administração Pública.
Art. 9º O Departamento Administrativo deste Tribunal adotará providências para aumentar a frequência de limpeza dos banheiros, elevadores, corrimãos e maçanetas, além de providenciar a aquisição e instalação de dispensadores de álcool gel nas áreas de circulação e no acesso a salas de audiências, plenários, Gabinetes de Desembargadores e Juízes de Direito, a serem adquiridos em caráter de emergência, na forma disposta no artigo 24, inciso IV, do Estatuto Federal das Licitações e Contratos Administrativos (Lei Federal n.º 8.666/1993 e alterações posteriores).
Art. 10 O Serviço Médico do Tribunal deverá organizar campanhas de conscientização dos riscos e das medidas de higiene necessárias para evitar o contágio pelo COVID-19 .
Art. 11 Os Departamentos de Informática e Telecomunicações e de Sistemas deverão auxiliar as demais unidades do Tribunal quanto à adoção de videoconferência para a realização de reuniões e audiências ainda não regulamentadas em normativos próprios.
Art. 12 Nos dias de sessão de julgamento, somente terão acesso ao Plenário do Tribunal Pleno, Câmara e Secção Únicas, bem como às Turmas Recursais as partes e os advogados de processos incluídos na pauta do dia, conforme divulgação das pautas de julgamento, e os participantes habilitados em audiências públicas.
§ 1º O Presidente de cada Órgão Colegiado, Turma e os Relatores de audiências públicas poderão, motivadamente, adotar critério de acesso diverso da constante deste artigo.
§ 2º As partes, os advogados ou os participantes de audiências públicas com sintomas visíveis de doença respiratória, serão conduzidos ao sistema público de saúde do Estado ou Município para avaliação médica antes da liberação do acesso ou como condição de permanência no Tribunal.
Art. 13 Os Diretores dos Fóruns, os Juízes Auxiliares da Presidência e da Corregedoria Geral de Justiça, o Diretor Geral do Tribunal e o Chefe de Gabinete da Presidência ficam autorizados a adotar, no âmbito de suas competências, outras providências administrativas necessárias para evitar a propagação interna do vírus COVID-19 , devendo as medidas serem submetidas ao conhecimento da Presidência e Corregedoria Geral de Justiça, conforme o caso.
Art. 14 Ficam temporariamente suspensa a visitação pública de escolas, faculdades, organizações não governamentais, dentre outros; e, o atendimento presencial do público externo que puder ser prestado por meio eletrônico ou telefônico.","telefônico com o serviço médico do Tribunal ou do Fórum da Comarca de Macapá “Desembargador Leal de Mira”, no fone (96) 3313-3300 – Ramais 3385, 3832 ou 4581 e enviar a cópia digital do atestado para e-mail covid...Art. 10 O Serviço Médico do Tribunal deverá organizar campanhas de conscientização dos riscos e das medidas de higiene necessárias para evitar o contágio pelo COVID-19 . do Tribunal e o Chefe de Gabinete da Presidência ficam autorizados a adotar, no âmbito de suas competências, outras providências administrativas necessárias para evitar a propagação interna do vírus COVID..."
3,TRT-6 17/03/2020 - Pág. 3043 - Judiciário - Tribunal Regional do Trabalho da 6ª Região,https://www.jusbrasil.com.br/diarios/287994744/trt-6-judiciario-17-03-2020-pg-3043?ref=serp,Diários Oficiais•17/03/2020 • Tribunal Regional do Trabalho da 6ª Região,"Diários OficiaisTribunal Regional do Trabalho da 6ª Região17 Mar 2020JudiciárioPágina 3043
Página 3043 da Judiciário do Tribunal Regional do Trabalho da 6ª Região (TRT-6) de 17 de Março de 2020
Publicado por Tribunal Regional do Trabalho da 6ª Região
há 5 dias
Por que esse conteúdo está aqui?
O Jusbrasil não cria, edita ou altera o conteúdo exibido. Replicamos somente informações que foram veiculadas pelos órgãos oﬁciais.Toda informação aqui divulgada é pública e pode ser encontrada, também, nos sites que publicam originalmente esses diários.
TERESINHA DE JESUS ADVOGADO(OAB: 26484/PE) MATOS DE AGUIAR
HUGO LEONARDO ADVOGADO(OAB: 30974/PE) DANTAS DOS SANTOS
RÉU PA DERIVADOS DE PETROLEO CONDADO LTDA
Intimado(s)/Citado(s):
- Y.K.O.D.S.
PODER JUDICIÁRIO JUSTIÇA DO TRABALHO
CERTIDÃO DE ADIAMENTO DE AUDIÊNCIA – NOVO CORONA VÍRUS (COVID-19)
Faz-se necessário o ADIAMENTO da sessão aprazada anteriormente, por designação conjunta da Presidência e da Corregedoria do TRT da 6.ª Região, por meio do Ato Conjunto TRT-6-GP-CRT n.º 02/2020, que estabelece medidas temporárias de prevenção ao Coronavírus (COVID-19), no âmbito do Tribunal, considerando a classificação de pandemia pela Organização Mundial de Saúde.
Dessa forma, apraza-se NOVA AUDIÊNCIA para o dia 16/04/2020, às 08h56, sob as mesmas cominações.
Ato contínuo, dou ciência às partes.
GOIANA/PE, 17 de março de 2020.
JULIO OLIVEIRA MARANHAO
Diretor de Secretaria
Processo Nº ATSum-0000002-59.2020.5.06.0233
AUTOR ADONIAS NUNES DA SILVA
JADILMA NASCIMENTO ADVOGADO(OAB: 10278/PE) DE CASTRO SANTOS
NAYARA CASTRO ADVOGADO(OAB: 32473/PE) CAMILO DOS SANTOS
RÉU LOCAR SANEAMENTO AMBIENTAL LTDA
Intimado(s)/Citado(s):
- ADONIAS NUNES DA SILVA
PODER JUDICIÁRIO JUSTIÇA DO TRABALHO
CERTIDÃO DE ADIAMENTO DE AUDIÊNCIA – NOVO CORONA CERTIDÃO DE ADIAMENTO DE AUDIÊNCIA – NOVO CORONA
VÍRUS (COVID-19)
Faz-se necessário o ADIAMENTO da sessão aprazada anteriormente, por designação conjunta da Presidência e da Corregedoria do TRT da 6.ª Região, por meio do Ato Conjunto TRT-6-GP-CRT n.º 02/2020, que estabelece medidas temporárias de prevenção ao Coronavírus (COVID-19), no âmbito do Tribunal, considerando a classificação de pandemia pela Organização Mundial de Saúde.
Dessa forma, apraza-se NOVA AUDIÊNCIA para o dia 15/04/2020, às 08h55, sob as mesmas cominações.
Ato contínuo, dou ciência às partes.
GOIANA/PE, 17 de março de 2020.
JULIO OLIVEIRA MARANHAO
Diretor de Secretaria
Processo Nº ATSum-0000056-25.2020.5.06.0233
AUTOR MANOEL LOPES DA SILVA
SAULO ANDRE DE ADVOGADO(OAB: 18175/PE) MELO SILVA
Emanuel Jairo Fonseca ADVOGADO(OAB: 14677-D/PE)
de Sena
GLAUCO RODOLFO ADVOGADO(OAB: 13167/PE) FONSECA DE SENA PEDRO FONSECA DE ADVOGADO(OAB: 39793/PE) SENA SIQUEIRA
RÉU COMPANHIA AGRO INDUSTRIAL DE GOIANA
Intimado(s)/Citado(s):
- MANOEL LOPES DA SILVA
PODER JUDICIÁRIO JUSTIÇA DO TRABALHO
CERTIDÃO DE ADIAMENTO DE AUDIÊNCIA – NOVO CORONA VÍRUS (COVID-19)
Faz-se necessário o ADIAMENTO da sessão aprazada anteriormente, por designação conjunta da Presidência e da Corregedoria do TRT da 6.ª Região, por meio do Ato Conjunto TRT-6-GP-CRT n.º 02/2020, que estabelece medidas temporárias de prevenção ao Coronavírus (COVID-19), no âmbito do Tribunal, considerando a classificação de pandemia pela Organização Mundial de Saúde.
Dessa forma, apraza-se NOVA AUDIÊNCIA para o dia 14/04/2020, às 09h55, sob as mesmas cominações.","PODER JUDICIÁRIO JUSTIÇA DO TRABALHO CERTIDÃO DE ADIAMENTO DE AUDIÊNCIA – NOVO CORONA VÍRUS (COVID-19) Faz-se necessário o ADIAMENTO da sessão aprazada anteriormente, por designação conjunta da Presidência...e da Corregedoria do TRT da 6.ª Região, por meio do Ato Conjunto TRT-6-GP-CRT n.º 02/2020, que estabelece medidas temporárias de prevenção ao Coronavírus (COVID-19), no âmbito do Tribunal, considerando...AMBIENTAL LTDA Intimado(s)/Citado(s): - ADONIAS NUNES DA SILVA PODER JUDICIÁRIO JUSTIÇA DO TRABALHO CERTIDÃO DE ADIAMENTO DE AUDIÊNCIA – NOVO CORONA CERTIDÃO DE ADIAMENTO DE AUDIÊNCIA – NOVO CORONA VÍRUS (COVID..."
4,TRT-6 17/03/2020 - Pág. 3054 - Judiciário - Tribunal Regional do Trabalho da 6ª Região,https://www.jusbrasil.com.br/diarios/287994755/trt-6-judiciario-17-03-2020-pg-3054?ref=serp,Diários Oficiais•17/03/2020 • Tribunal Regional do Trabalho da 6ª Região,"Diários OficiaisTribunal Regional do Trabalho da 6ª Região17 Mar 2020JudiciárioPágina 3054
Página 3054 da Judiciário do Tribunal Regional do Trabalho da 6ª Região (TRT-6) de 17 de Março de 2020
Publicado por Tribunal Regional do Trabalho da 6ª Região
há 5 dias
Por que esse conteúdo está aqui?
O Jusbrasil não cria, edita ou altera o conteúdo exibido. Replicamos somente informações que foram veiculadas pelos órgãos oﬁciais.Toda informação aqui divulgada é pública e pode ser encontrada, também, nos sites que publicam originalmente esses diários.
- FCA FIAT CHRYSLER AUTOMOVEIS BRASIL LTDA.
PODER JUDICIÁRIO JUSTIÇA DO TRABALHO
CERTIDÃO DE ADIAMENTO DE AUDIÊNCIA – NOVO CORONA VÍRUS (COVID-19)
Faz-se necessário o ADIAMENTO da sessão aprazada anteriormente, por designação conjunta da Presidência e da Corregedoria do TRT da 6.ª Região, por meio do Ato Conjunto TRT-6-GP-CRT n.º 02/2020, que estabelece medidas temporárias de prevenção ao Coronavírus (COVID-19), no âmbito do Tribunal, considerando a classificação de pandemia pela Organização Mundial de Saúde.
Dessa forma, apraza-se NOVA AUDIÊNCIA para o dia 16/04/2020, às 10h, sob as mesmas cominações.
Ato contínuo, dou ciência às partes.
GOIANA/PE, 17 de março de 2020.
JULIO OLIVEIRA MARANHAO
Diretor de Secretaria
Processo Nº ATOrd-0000062-32.2020.5.06.0233
AUTOR ALBERTO ANDRE VICENTE FILHO
MARCILIO DO ADVOGADO(OAB: 48171/PE) NASCIMENTO PAIXAO
RÉU COMAU FACILITIES LTDA.
ARNALDO GASPAR EID ADVOGADO(OAB: 259037/SP)
Intimado(s)/Citado(s):
- COMAU FACILITIES LTDA.
PODER JUDICIÁRIO JUSTIÇA DO TRABALHO
CERTIDÃO DE ADIAMENTO DE AUDIÊNCIA – NOVO CORONA VÍRUS (COVID-19)
Faz-se necessário o ADIAMENTO da sessão aprazada anteriormente, por designação conjunta da Presidência e da Corregedoria do TRT da 6.ª Região, por meio do Ato Conjunto TRT-6-GP-CRT n.º 02/2020, que estabelece medidas temporárias de prevenção ao Coronavírus (COVID-19), no âmbito do Tribunal, considerando a classificação de pandemia pela Organização Mundial de Saúde.
Dessa forma, apraza-se NOVA AUDIÊNCIA para o dia 16/04/2020, às 10h10, sob as mesmas cominações.
Ato contínuo, dou ciência às partes.
GOIANA/PE, 17 de março de 2020.
JULIO OLIVEIRA MARANHAO
Diretor de Secretaria
Processo Nº ATSum-0000088-30.2020.5.06.0233
AUTOR ALEXSANDRO BEZERRA DE LIMA
JORGE RABELO ADVOGADO(OAB: 31159/PE) TAVARES FILHO
SILVIO ROBERTO ADVOGADO(OAB: 33513/PE) FONSECA DE SENA
FILHO
RÉU COMPANHIA AGRO INDUSTRIAL DE GOIANA
Intimado(s)/Citado(s):
- ALEXSANDRO BEZERRA DE LIMA
PODER JUDICIÁRIO JUSTIÇA DO TRABALHO
CERTIDÃO DE ADIAMENTO DE AUDIÊNCIA – NOVO CORONA VÍRUS (COVID-19)
Faz-se necessário o ADIAMENTO da sessão aprazada anteriormente, por designação conjunta da Presidência e da Corregedoria do TRT da 6.ª Região, por meio do Ato Conjunto TRT-6-GP-CRT n.º 02/2020, que estabelece medidas temporárias de prevenção ao Coronavírus (COVID-19), no âmbito do Tribunal, considerando a classificação de pandemia pela Organização Mundial de Saúde.
Dessa forma, apraza-se NOVA AUDIÊNCIA para o dia 15/04/2020, às 09h55, sob as mesmas cominações.
Ato contínuo, dou ciência às partes.
GOIANA/PE, 17 de março de 2020.
JULIO OLIVEIRA MARANHAO
Diretor de Secretaria
Processo Nº ATOrd-0000062-32.2020.5.06.0233
AUTOR ALBERTO ANDRE VICENTE FILHO
MARCILIO DO ADVOGADO(OAB: 48171/PE) NASCIMENTO PAIXAO
RÉU COMAU FACILITIES LTDA.
ARNALDO GASPAR EID ADVOGADO(OAB: 259037/SP)","PODER JUDICIÁRIO JUSTIÇA DO TRABALHO CERTIDÃO DE ADIAMENTO DE AUDIÊNCIA – NOVO CORONA VÍRUS (COVID-19) Faz-se necessário o ADIAMENTO da sessão aprazada anteriormente, por designação conjunta da Presidência...e da Corregedoria do TRT da 6.ª Região, por meio do Ato Conjunto TRT-6-GP-CRT n.º 02/2020, que estabelece medidas temporárias de prevenção ao Coronavírus (COVID-19), no âmbito do Tribunal, considerando...e da Corregedoria do TRT da 6.ª Região, por meio do Ato Conjunto TRT-6-GP-CRT n.º 02/2020, que estabelece medidas temporárias de prevenção ao Coronavírus (COVID-19), no âmbito do Tribunal, considerando..."
5,TRT-6 17/03/2020 - Pág. 3044 - Judiciário - Tribunal Regional do Trabalho da 6ª Região,https://www.jusbrasil.com.br/diarios/287994745/trt-6-judiciario-17-03-2020-pg-3044?ref=serp,Diários Oficiais•17/03/2020 • Tribunal Regional do Trabalho da 6ª Região,"Diários OficiaisTribunal Regional do Trabalho da 6ª Região17 Mar 2020JudiciárioPágina 3044
Página 3044 da Judiciário do Tribunal Regional do Trabalho da 6ª Região (TRT-6) de 17 de Março de 2020
Publicado por Tribunal Regional do Trabalho da 6ª Região
há 5 dias
Por que esse conteúdo está aqui?
O Jusbrasil não cria, edita ou altera o conteúdo exibido. Replicamos somente informações que foram veiculadas pelos órgãos oﬁciais.Toda informação aqui divulgada é pública e pode ser encontrada, também, nos sites que publicam originalmente esses diários.
Ato contínuo, dou ciência às partes.
GOIANA/PE, 17 de março de 2020.
JULIO OLIVEIRA MARANHAO
Diretor de Secretaria
Processo Nº ATSum-0000057-10.2020.5.06.0233
AUTOR WESLEY BEZERRA SANTOS DE SOUZA
MARCELO DE ADVOGADO(OAB: 29516/PE) ALBUQUERQUE LESSA
LUIZ JOSÉ DE ARAÚJO ADVOGADO(OAB: 27372-D/PE) NETO
RÉU FCA FIAT CHRYSLER AUTOMOVEIS BRASIL LTDA.
ANA PAULA PAIVA DE ADVOGADO(OAB: 113793/SP) MESQUITA BARROS
Intimado(s)/Citado(s):
- WESLEY BEZERRA SANTOS DE SOUZA
PODER JUDICIÁRIO JUSTIÇA DO TRABALHO
CERTIDÃO DE ADIAMENTO DE AUDIÊNCIA – NOVO CORONA VÍRUS (COVID-19)
Faz-se necessário o ADIAMENTO da sessão aprazada anteriormente, por designação conjunta da Presidência e da Corregedoria do TRT da 6.ª Região, por meio do Ato Conjunto TRT-6-GP-CRT n.º 02/2020, que estabelece medidas temporárias de prevenção ao Coronavírus (COVID-19), no âmbito do Tribunal, considerando a classificação de pandemia pela Organização Mundial de Saúde.
Dessa forma, apraza-se NOVA AUDIÊNCIA para o dia 22/04/2020, às 09h20, sob as mesmas cominações.
Ato contínuo, dou ciência às partes.
GOIANA/PE, 17 de março de 2020.
JULIO OLIVEIRA MARANHAO
Diretor de Secretaria
Processo Nº ATSum-0000057-10.2020.5.06.0233
AUTOR WESLEY BEZERRA SANTOS DE SOUZA
MARCELO DE ADVOGADO(OAB: 29516/PE) ALBUQUERQUE LESSA
LUIZ JOSÉ DE ARAÚJO ADVOGADO(OAB: 27372-D/PE) NETO
RÉU FCA FIAT CHRYSLER AUTOMOVEIS BRASIL LTDA.
ANA PAULA PAIVA DE ADVOGADO(OAB: 113793/SP) MESQUITA BARROS
Intimado(s)/Citado(s):
- FCA FIAT CHRYSLER AUTOMOVEIS BRASIL LTDA.
PODER JUDICIÁRIO JUSTIÇA DO TRABALHO
CERTIDÃO DE ADIAMENTO DE AUDIÊNCIA – NOVO CORONA VÍRUS (COVID-19)
Faz-se necessário o ADIAMENTO da sessão aprazada anteriormente, por designação conjunta da Presidência e da Corregedoria do TRT da 6.ª Região, por meio do Ato Conjunto TRT-6-GP-CRT n.º 02/2020, que estabelece medidas temporárias de prevenção ao Coronavírus (COVID-19), no âmbito do Tribunal, considerando a classificação de pandemia pela Organização Mundial de Saúde.
Dessa forma, apraza-se NOVA AUDIÊNCIA para o dia 22/04/2020, às 09h20, sob as mesmas cominações.
Ato contínuo, dou ciência às partes.
GOIANA/PE, 17 de março de 2020.
JULIO OLIVEIRA MARANHAO
Diretor de Secretaria
Processo Nº ATSum-0000058-92.2020.5.06.0233
AUTOR EVANDRO JOSE MACIEL GONDIM
JOAO LAURINDO DA ADVOGADO(OAB: 36084/PE) SILVA NETO
RÉU LOCATRANS TRANSPORTE DE CARGAS E MALOTES EIRELI
Intimado(s)/Citado(s):
- EVANDRO JOSE MACIEL GONDIM
PODER JUDICIÁRIO JUSTIÇA DO TRABALHO
CERTIDÃO DE ADIAMENTO DE AUDIÊNCIA – NOVO CORONA VÍRUS (COVID-19)
Faz-se necessário o ADIAMENTO da sessão aprazada anteriormente, por designação conjunta da Presidência e da","PAIVA DE ADVOGADO(OAB: 113793/SP) MESQUITA BARROS Intimado(s)/Citado(s): - WESLEY BEZERRA SANTOS DE SOUZA PODER JUDICIÁRIO JUSTIÇA DO TRABALHO CERTIDÃO DE ADIAMENTO DE AUDIÊNCIA – NOVO CORONA VÍRUS (COVID...PODER JUDICIÁRIO JUSTIÇA DO TRABALHO CERTIDÃO DE ADIAMENTO DE AUDIÊNCIA – NOVO CORONA VÍRUS (COVID-19) Faz-se necessário o ADIAMENTO da sessão aprazada anteriormente, por designação conjunta da Presidência...e da Corregedoria do TRT da 6.ª Região, por meio do Ato Conjunto TRT-6-GP-CRT n.º 02/2020, que estabelece medidas temporárias de prevenção ao Coronavírus (COVID-19), no âmbito do Tribunal, considerando..."
6,TRT-2 20/03/2020 - Pág. 25827 - Judiciário - Tribunal Regional do Trabalho da 2ª Região,https://www.jusbrasil.com.br/diarios/289727816/trt-2-judiciario-20-03-2020-pg-25827?ref=serp,Diários Oficiais•20/03/2020 • Tribunal Regional do Trabalho da 2ª Região,"Diários OficiaisTribunal Regional do Trabalho da 2ª Região20 Mar 2020JudiciárioPágina 25827
Página 25827 da Judiciário do Tribunal Regional do Trabalho da 2ª Região (TRT-2) de 20 de Março de 2020
Publicado por Tribunal Regional do Trabalho da 2ª Região
anteontem
Por que esse conteúdo está aqui?
O Jusbrasil não cria, edita ou altera o conteúdo exibido. Replicamos somente informações que foram veiculadas pelos órgãos oﬁciais.Toda informação aqui divulgada é pública e pode ser encontrada, também, nos sites que publicam originalmente esses diários.
RECLAMANTE MARCELINO FRANCISCO DA SILVA
ADVOGADO MARCIO ARAUJO DE OLIVEIRA(OAB: 261708/SP)
RECLAMADO SUZANO S.A.
ADVOGADO LEONARDO SANTINI ECHENIQUE(OAB: 249651/SP)
Intimado(s)/Citado(s):
- SUZANO S.A.
PODER JUDICIÁRIO JUSTIÇA DO TRABALHO
INTIMAÇÃO - Processo PJe
Destinatário : SUZANO S.A.
REDESIGNAÇÃO DE AUDIÊNCIA EM RAZÃO DA PANDEMIA DE COVID-19 Fica V.Sa. CIENTIFICADO(A) de que, por ordem da magistrada desta vara, em virtude da pandemia de coronavírus (Covid-19) reconhecida pela Organização Mundial de Saúde, e a peculiar situação do Estado de São Paulo, que concentra a maior parte
dos casos já diagnosticados, e a fim de evitar a exposição de partes, advogados, testemunhas, e servidores que comparecem diariamente ao Fórum, a audiência do presente feito foi REDESIGNADA para a seguinte data, mantidas as cominações anteriores quanto a obrigatoriedade de comparecimento das partes: Tipo de audiência: Una.
Data/Hora: 01/06/2020 09:30h.
Nada mais.
SUZANO/SP, 18 de março de 2020.
AURELIO DO VALLE GARCIA
Servidor
Processo Nº ATOrd-1000073-54.2020.5.02.0492
RECLAMANTE MARCOS ANTONIO DOS SANTOS DIAS
ADVOGADO JONATHAN CORREA DOS SANTOS SILVA(OAB: 416070/SP)
ADVOGADO JEFFERSON MAURICIO DE BARROS(OAB: 366899/SP)
ADVOGADO GISELLE DA CRUZ PEREIRA(OAB: 315718/SP)
RECLAMADO SENDAS DISTRIBUIDORA S/A
ADVOGADO REGINA APARECIDA SEVILHA SERAPHICO(OAB: 147738/SP)
Intimado(s)/Citado(s):
- SENDAS DISTRIBUIDORA S/A
PODER JUDICIÁRIO JUSTIÇA DO TRABALHO
INTIMAÇÃO - Processo PJe
Destinatário : SENDAS DISTRIBUIDORA S/A REDESIGNAÇÃO DE AUDIÊNCIA EM RAZÃO DA PANDEMIA DE COVID-19 Fica V.Sa. CIENTIFICADO(A) de que, por ordem da magistrada desta vara, em virtude da pandemia de coronavírus (Covid-19) reconhecida pela Organização Mundial de Saúde, e a peculiar situação do Estado de São Paulo, que concentra a maior parte
dos casos já diagnosticados, e a fim de evitar a exposição de partes, advogados, testemunhas, e servidores que comparecem diariamente ao Fórum, a audiência do presente feito foi REDESIGNADA para a seguinte data, mantidas as cominações anteriores quanto a obrigatoriedade de comparecimento das partes: Tipo de audiência: Una.
Data/Hora: 01/06/2020 09:40h.
Nada mais.
SUZANO/SP, 18 de março de 2020.
AURELIO DO VALLE GARCIA
Servidor
Processo Nº ATOrd-1000073-54.2020.5.02.0492
RECLAMANTE MARCOS ANTONIO DOS SANTOS DIAS
ADVOGADO JONATHAN CORREA DOS SANTOS SILVA(OAB: 416070/SP)
ADVOGADO JEFFERSON MAURICIO DE BARROS(OAB: 366899/SP)
ADVOGADO GISELLE DA CRUZ PEREIRA(OAB: 315718/SP)
RECLAMADO SENDAS DISTRIBUIDORA S/A
ADVOGADO REGINA APARECIDA SEVILHA SERAPHICO(OAB: 147738/SP)
Intimado(s)/Citado(s):
- MARCOS ANTONIO DOS SANTOS DIAS
PODER JUDICIÁRIO JUSTIÇA DO TRABALHO
INTIMAÇÃO - Processo PJe
Destinatário : MARCOS ANTONIO DOS SANTOS DIAS REDESIGNAÇÃO DE AUDIÊNCIA EM RAZÃO DA PANDEMIA DE COVID-19 COVID-19","REDESIGNAÇÃO DE AUDIÊNCIA EM RAZÃO DA PANDEMIA DE COVID-19 Fica V.Sa. CIENTIFICADO(A) de que, por ordem da magistrada desta vara, em virtude da pandemia de coronavírus (Covid-19) reconhecida pela Organização Mundial de Saúde, e a peculiar situação do Estado de São Paulo,...-19 COVID-19"
7,AMA 19/03/2020 - Pág. 45 - Associação de Municípios Alagoanos,https://www.jusbrasil.com.br/diarios/288216002/ama-19-03-2020-pg-45?ref=serp,Diários Oficiais•19/03/2020 • Associação de Municípios Alagoanos,"Diários OficiaisAssociação de Municípios Alagoanos19 Mar 2020Páginas sem cadernoPágina 45
Página 45 do Associação de Municípios Alagoanos (AMA) de 19 de Março de 2020
Publicado por Associação de Municípios Alagoanos
há 3 dias
Por que esse conteúdo está aqui?
O Jusbrasil não cria, edita ou altera o conteúdo exibido. Replicamos somente informações que foram veiculadas pelos órgãos oﬁciais.Toda informação aqui divulgada é pública e pode ser encontrada, também, nos sites que publicam originalmente esses diários.
Art. 8º - Ficam suspensas as viagens, a serviço, dos servidores públicos, durante o prazo de vigência deste Decreto. Somente poderão ser realizadas com autorização expressa do Prefeito Municipal, em caso de extrema necessidade.
Art. 9º - As Secretarias Municipais deverão tomar as providências cabíveis em relação à higienização e atividades educacionais e preventivas para seus usuários e servidores, visando evitar possível contaminação.
Art. 10 - Determino, ainda, a expedição de ofício circular a todos os estabelecimentos religiosos do município de Porto Real do Colégio/Al, informando acerca da necessidade de serem realizadas as práticas preventivas divulgadas pelos órgãos federais, estaduais e municipais, evitando, inclusive, aglomerações, com o objetivo de minimizar os riscos existentes.
Art. 11 - Determino, ainda, que a Secretaria Municipal de Saúde proponha campanha junto aos transportes alternativos, informando acerca da necessidade de higienização e solicitação aos passageiros de utilização de álcool gel ao adentrarem no veículo, principalmente advindos de outra localidade.
Art. 12 – Os Secretários Municipais deverão orientar motoristas acerca da higienização dos veículos e utilização de álcool gel aos passageiros.
Art. 13 – Determino a Equipe de Comunicação tome as providências cabíveis, a fim de manter a população informada, através das redes sociais e carro de som, acerca das orientações descritas neste Decreto e recomendações de higiene, além de solicitação para que a população evite aglomerações e utilize locais públicos, principalmente grupos de risco.
Art. 14 - Este Decreto entra em vigor na data de sua publicação, tendo sua vigência enquanto perdurar a situação de emergência internacional.
Art. 15 - O presente Decreto entra em vigor na data da sua publicação, revogadas as disposições em contrário.
Registre-se. Publique-se.
Porto Real do Colégio, 17 de março de 2020.
ALDO ENIO BORGES
Prefeito
Publicado no Mural de Publicações e Registrado na Secretaria Municipal de Administração, aos 17 (dezessete) dias do mês de março do ano de 2020 (dois mil e vinte).
IRÃ FARIAS DOS SANTOS
Secretário Municipal de Administração
Publicado por: Helijan Dionisio da Silva Código Identificador: DDFBC4CC
SETOR DE LICITAÇÕES
AVISO DE LICITAÇÃO - TOMADA DE PREÇO Nº 05/2020
TOMADA DE PREÇO Nº 05/2020. OBJETO: CONTRATAÇÃO DE EMPRESA ESPECIALIZADA PARA CONSTRUÇÃO DE UM GALPÃO NA AV GOVERNADOR MOACIR ANDRADE NO MUNICIPIO DE PORTO REAL DO COLEGIO. DATA DE RECEBIMENTO DAS PROPOSTAS: 07 de Abril de 2020. O Edital e informações complementares encontram-se à disposição dos interessados, na sala da Comissão Permanente de Licitações, situada à Rua São José, S/N - Bairro Centro, de segunda-feira à sexta-feira, em dias de expediente, no horário das 08:00 às 12:00hs, pelos telefones: (82) 3553-1317. E-mail: licitacao.portoreal@gmail.com.
Porto Real do Colégio (AL), 18 de março de 2020.
NADJA RAMOS DOS SANTOS
Presidente da CPL.
Publicado por: Nadja Ramos dos Santos Código Identificador: A045E2C9
ESTADO DE ALAGOAS
PREFEITURA MUNICIPAL DE RIO LARGO
SECRETARIA MUNICIPAL GERAL DE GOVERNO
DECRETO N.º 034/2020 DE 17 DE MARÇO DE 2020.
DECRETO N.º 034/2020 DE 17 DE MARÇO DE 2020.
DECRETA MEDIDAS TEMPORÁRIAS DE PREVENÇÃO AO CONTÁGIO PELO NOVO CORONAVÍRUS (COVID- 19) CONSIDERANDO A CLASSIFICAÇÃO DE PANDEMIA PELA ORGANIZAÇÃO MUNDIAL DE SAÚDE (OMS) E DÁ OUTRAS PROVIDÊNCIAS CORRELATAS.
O PREFEITO DO MUNICÍPIO DE RIO LARGO/AL , no uso das atribuições que lhe confere a Lei Orgânica do Município.
CONSIDERANDO a Declaração de Emergência em Saúde Pública de Importância Internacional pela Organização Mundial da Saúde em 30 de janeiro de 2020, em decorrência da Infecção Humana pelo novo coronavírus (COVID-19) ;
CONSIDERANDO que a classificação da situação mundial do Novo Coronavírus como pandemia que significa o risco potencial de a doença infecciosa atingir a população mundial de forma simultânea, não se limitando a locais que já tenham sido identificadas como de transmissão interna;
CONSIDERANDO os termos da Lei Federal n.º 13.979 , de 06 de fevereiro de 2020, que dispõe sobre as medidas para enfrentamento da emergência de saúde pública de importância internacional decorrente do coronavírus responsável pelo surto de 2019;
CONSIDERANDO os termos da Portaria do Ministério da Saúde n.º 356 , de 11 de março de 2020, que dispõe sobre a regulamentação e operacionalização do disposto na Lei nº 13.979, de 06 de fevereiro de 2020, que estabelece as medidas para enfrentamento da emergência de saúde pública de importância internacional decorrente do coronavírus (COVID -19) ;
CONSIDERANDO os termos do Decreto Estadual n.º 69.501 , de 13 de março de 2020, que dispõe sobre as medidas para enfrentamento da emergência de saúde pública de importância internacional decorrente do COVID -19 (CORONAVÍRUS) , e dá outras providências;
CONSIDERANDO os termos do Decreto Estadual n.º 69.502 , de 13 de março de 2020, que institui medidas temporárias de enfrentamento da emergência de saúde pública de importância internacional decorrente do COVID -19 (CORONAVÍRUS) , no âmbito dos órgãos e entidades da administração direta e indireta do Poder Executivo Estadual, e dá outras providências;
CONSIDERANDO a rápida transmissão da COVID-19 em escala mundial, conforme amplamente noticiado pelas várias plataformas de notícias e tabloides nacionais e internacionais;
CONSIDERANDO a necessidade de se manter a prestação dos serviços públicos municipais, sem aglomerações de pessoas independentemente do número de aglomerados;
CONSIDERANDO a necessidade de divulgação dos procedimentos a serem adotados pelos órgãos municipais aos casos suspeitos de COVID-19 e de pessoas oriundas de epicentros da doença;
CONSIDERANDO a necessidade de manutenção dos serviços municipais de saúde de forma ordeira e organizada;","DECRETA MEDIDAS TEMPORÁRIAS DE PREVENÇÃO AO CONTÁGIO PELO NOVO CORONAVÍRUS (COVID- 19) CONSIDERANDO A CLASSIFICAÇÃO DE PANDEMIA PELA ORGANIZAÇÃO MUNDIAL DE SAÚDE (OMS) E DÁ OUTRAS PROVIDÊNCIAS CORRELATAS...CONSIDERANDO a Declaração de Emergência em Saúde Pública de Importância Internacional pela Organização Mundial da Saúde em 30 de janeiro de 2020, em decorrência da Infecção Humana pelo novo coronavírus (COVID...CONSIDERANDO os termos do Decreto Estadual n.º 69.501 , de 13 de março de 2020, que dispõe sobre as medidas para enfrentamento da emergência de saúde pública de importância internacional decorrente do COVID..."
8,DJAP 16/03/2020 - Pág. 82 - Diário de Justiça do Estado do Amapá,https://www.jusbrasil.com.br/diarios/287734396/djap-16-03-2020-pg-82?ref=serp,Diários Oficiais•16/03/2020 • Diário de Justiça do Estado do Amapá,"Diários OficiaisDiário de Justiça do Estado do Amapá16 Mar 2020Páginas sem cadernoPágina 82
Página 82 do Diário de Justiça do Estado do Amapá (DJAP) de 16 de Março de 2020
Publicado por Diário de Justiça do Estado do Amapá
há 6 dias
Por que esse conteúdo está aqui?
O Jusbrasil não cria, edita ou altera o conteúdo exibido. Replicamos somente informações que foram veiculadas pelos órgãos oﬁciais.Toda informação aqui divulgada é pública e pode ser encontrada, também, nos sites que publicam originalmente esses diários.
AGRAVO INTERNO Tipo: CÍVEL
Agravante: COLEGIO CONCEPT LTDA
Advogado(a): DANIELA FORTUNATO BARBOSA DE LIMA - 793AP
Agravado: ESCOLA CONCEPT BILINGUE
Advogado(a): JESSICA ZDANOWSKI RICCI DE MENDONCA - 436169SP
Relator: Desembargador CARMO ANTÔNIO
DESPACHO:
Nas petições de movimentos 58 e 59, a patrona da ESCOLA CONCEPT LTDA. manifestou o interesse em realizar sustentação oral e, posteriormente, requereu o adiamento do julgamento do recurso, pautado para o dia 17 de março do corrente ano. Justificou seu pedido fundamentado na suspeita de estar contaminada pelo coronavírus (COVID-19) e por encontrar-se no Estado do Rio de Janeiro, cidade em que já há casos registrados da doença e em andamento medidas protetivas de prevenção ao contágio, bem como a recomendação de que sejam evitados deslocamentos aéreos. Diante desses argumentos, solicitou a inclusão dos autos em nova pauta de julgamento para, no mínimo, 14 (catorze) dias, a partir da presente data.
Em razão da peculiaridade atual, com a declaração de pandemia de Covid-19, decretada pela Organização Mundial da Saúde, e as medidas temporárias de prevenção ao contágio, inclusive a Resolução nº 1.351/2020, desta Eg. Corte de Justiça, determino a retirada dos presentes autos da sessão de julgamento do dia 17 de março e inclusão na sessão de 31 de março de 2020.
Publique-se. Intimem-se.
TRIBUNAL PLENO ADMINISTRATIVO
(*) Republicação da RESOLUÇÃO N.º 1351/2020-TJAP, de 13/03/2020, publicada no Diário da Justiça do Estado do Amapá – DJE n.º 48/2020, de 13/03/2020, p. 74 e 75.
RESOLUÇÃO N.º 1351/2020-TJAP
Estabelece medidas temporárias de prevenção ao contágio pelo Novo Coronavírus (COVID19) considerando a classificação de pandemia pela Organização Mundial de Saúde (OMS).
O Desembargador JOÃO GUILHERME LAGES MENDES , Presidente do Tribunal de Justiça do Estado do Amapá, no uso das atribuições que lhe são conferidas por lei, em especial o contido no artigo 26, inciso XLI, do Regimento Interno do Tribunal de Justiça do Estado do Amapá (Resolução nº 006/2003-TJAP e alterações posteriores),
CONSIDERANDO que a classificação da situação mundial do Novo Coronavírus como pandemia significa o risco potencial de a doença infecciosa atingir a população mundial de forma simultânea, não se limitando a locais que já tenham sido identificadas como de transmissão interna;
CONSIDERANDO a necessidade de se manter a prestação dos serviços públicos e, no caso do Tribunal de Justiça do Estado do Amapá, a prestação jurisdicional;
CONSIDERANDO que não há evidências de transmissão do vírus em pessoas que ainda não apresentaram sintomas;
CONSIDERANDO que o COVID-19 tem taxa de mortalidade que se eleva entre idosos e pessoas com doenças crônicas,
CONSIDERANDO que a adoção de hábitos de higiene básicos, aliados com a ampliação de rotinas de limpeza em áreas de circulação, são suficientes para a redução significativa do potencial do contágio,
R E S O L V E, ad referendum do Egrégio Pleno Administrativo:
Art. 1º Esta Resolução dispõe sobre medidas temporárias de prevenção ao contágio pelo Novo Coronavírus (COVID19) no Tribunal de Justiça do Estado do Amapá.
Art. 2º Qualquer Desembargador, Juiz de Direito, Serventuário, Servidor à Disposição Civil e Militar, Estagiário e Colaborador do Tribunal que apresentar febre ou sintomas respiratórios (tosse seca, dor de garganta, mialgia, cefaleia e prostração, dificuldade para respirar e batimento das asas nasais) passa a ser considerado um caso suspeito.
Art. 3º Desembargador, Juiz de Direito, Serventuário, Servidor à Disposição Civil e Militar, Estagiário e Colaborador do Tribunal, que chegarem de qualquer local fora do Estado do Amapá, com circulação viral sustentada ou não do COVID-19 , apresentando ou não febre ou sintomas respiratórios, entrarão em quarentena pelo prazo de 14 (quatorze) dias, ocasião em que deverão procurar um serviço de saúde público ou particular do Estado do Amapá.
Parágrafo único. As pessoas referidas no caput deste artigo estão obrigadas a comunicar ao Tribunal a viagem para Fora do Estado, seja esta particular ou profissional, e seu regresso, por meio do e-mail institucional: covid-19@tjap.jus.br , apenas para os fins registro visando a contenção da pandemia por meio da quarentena determinada no caput .
Art. 4º De forma excepcional, não será exigido o comparecimento físico para perícia médica daqueles que forem diagnosticados como","Justificou seu pedido fundamentado na suspeita de estar contaminada pelo coronavírus (COVID-19) e por encontrar-se no Estado do Rio de Janeiro, cidade em que já há casos registrados da doença e em andamento...Em razão da peculiaridade atual, com a declaração de pandemia de Covid-19, decretada pela Organização Mundial da Saúde, e as medidas temporárias de prevenção ao contágio, inclusive a Resolução nº 1.351...RESOLUÇÃO N.º 1351/2020-TJAP Estabelece medidas temporárias de prevenção ao contágio pelo Novo Coronavírus (COVID19) considerando a classificação de pandemia pela Organização Mundial de Saúde (OMS)...."
